Comparison,Metric,BothMean,AltMean,Delta,CI95Low,CI95High,PValue,NModels,NCells,AsPercent
Both - Market,LS CAGR,2.1818660039822295,2.9432845063420534,-0.761418502359824,-1.6019968850724697,0.14558616357468124,0.1539961013645224,9,25,True
Both - Market,LS Shp,2.6829859325243866,3.2133089416695397,-0.5303230091451535,-1.961018778894554,0.8755462526932828,0.4775828460038986,9,25,False
Both - Market,IC,0.33411856687923863,0.4349918140824762,-0.10087324720323758,-0.20765409663553577,0.012654181715594476,0.1539961013645224,9,24,True
Both - Fund.,LS CAGR,2.1818660039822295,0.2041489734239418,1.9777170305582874,0.9031505415927527,2.92411485313853,0.021442495126705652,9,25,True
Both - Fund.,LS Shp,2.6829859325243866,0.533418477143506,2.14956745538088,-0.09145890375698208,3.978701684505029,0.09551656920077972,9,25,False
Both - Fund.,IC,0.3411246717473306,0.07374332461414976,0.26738134713318074,0.05123009374048782,0.44478424299415353,0.05263157894736842,9,25,True
