Comparison,Metric,BothMean,AltMean,Delta,CI95Low,CI95High,PValue,NModels,NCells,AsPercent
Both - Market only,LS CAGR,0.43596764577536756,0.7667643296928358,-0.33079668391746836,-0.677872287983444,0.05019924630466709,0.11859443631039532,11,33,True
Both - Market only,LS Sharpe,0.7924880569662303,1.4121617276829477,-0.6196736707167175,-1.3967050048526866,0.19406098737039018,0.18301610541727673,11,33,False
Both - Market only,Mean IC,0.1980249001064422,0.19037068737297325,0.0076542127334689024,-0.08367701534794228,0.08852289323604264,0.8565153733528551,11,33,True
Both - Fund. only,LS CAGR,0.43596764577536756,0.013981228423442961,0.42198641735192466,0.12359116760690717,0.6921308322215514,0.025866276232308444,11,33,True
Both - Fund. only,LS Sharpe,0.7924880569662303,0.015095299237027083,0.7773927577292032,-0.22767885408363936,1.6151171953859398,0.14690092728160078,11,33,False
Both - Fund. only,Mean IC,0.1980249001064422,0.03460794865200598,0.1634169514544362,0.056193382460893934,0.25327667665021375,0.01805758906783797,11,33,True
